{"stats":{"minecraft:custom":{"minecraft:jump":9,"minecraft:time_since_rest":6635,"minecraft:play_time":6635,"minecraft:damage_taken":95,"minecraft:time_since_death":6635,"minecraft:walk_one_cm":2158,"minecraft:total_world_time":6635,"minecraft:fly_one_cm":92},"minecraft:crafted":{"minecraft:spruce_planks":4},"minecraft:mined":{"minecraft:spruce_log":1,"minecraft:spruce_leaves":1},"minecraft:used":{"minecraft:spruce_planks":4},"minecraft:picked_up":{"minecraft:feather":2,"minecraft:chicken":1,"minecraft:spruce_log":1}},"DataVersion":3465}